run_id,name,group,state,created_at,method,env,seed,url
yl0u6j9q,easy_sac_to_sac__Hopper_v4__seed_2__500k__1780602453,abhinav_easy_sac_to_sac__Hopper-v4,finished,2026-06-04T19:47:34Z,easy_sac_to_sac,Hopper-v4,2,https://wandb.ai/herschethan-stanford-university/rl-translational-dynamics/runs/yl0u6j9q
36j25b59,easy_sac_to_sac__Hopper_v4__seed_0__500k__1780602596,abhinav_easy_sac_to_sac__Hopper-v4,finished,2026-06-04T19:49:58Z,easy_sac_to_sac,Hopper-v4,0,https://wandb.ai/herschethan-stanford-university/rl-translational-dynamics/runs/36j25b59
niq5tv91,easy_sac_to_sac__Hopper_v4__seed_1__500k__1780603254,abhinav_easy_sac_to_sac__Hopper-v4,finished,2026-06-04T20:00:57Z,easy_sac_to_sac,Hopper-v4,1,https://wandb.ai/herschethan-stanford-university/rl-translational-dynamics/runs/niq5tv91
pf3nfms1,easy_sac_to_sac__Walker2d_v4__seed_2__500k__1780602493,abhinav_easy_sac_to_sac__Walker2d-v4,finished,2026-06-04T19:48:15Z,easy_sac_to_sac,Walker2d-v4,2,https://wandb.ai/herschethan-stanford-university/rl-translational-dynamics/runs/pf3nfms1
grt59pjj,easy_sac_to_sac__Walker2d_v4__seed_0__500k__1780610693,abhinav_easy_sac_to_sac__Walker2d-v4,finished,2026-06-04T22:04:55Z,easy_sac_to_sac,Walker2d-v4,0,https://wandb.ai/herschethan-stanford-university/rl-translational-dynamics/runs/grt59pjj
zvtpb9si,easy_sac_to_sac__Walker2d_v4__seed_1__500k__1780613000,abhinav_easy_sac_to_sac__Walker2d-v4,finished,2026-06-04T22:43:22Z,easy_sac_to_sac,Walker2d-v4,1,https://wandb.ai/herschethan-stanford-university/rl-translational-dynamics/runs/zvtpb9si
erq3snpb,easy_sac_to_sac__HalfCheetah_v4__seed_2__500k__1780602729,abhinav_easy_sac_to_sac__HalfCheetah-v4,finished,2026-06-04T19:52:12Z,easy_sac_to_sac,HalfCheetah-v4,2,https://wandb.ai/herschethan-stanford-university/rl-translational-dynamics/runs/erq3snpb
dwxzqiby,easy_sac_to_sac__HalfCheetah_v4__seed_0__500k__1780604358,abhinav_easy_sac_to_sac__HalfCheetah-v4,finished,2026-06-04T20:19:20Z,easy_sac_to_sac,HalfCheetah-v4,0,https://wandb.ai/herschethan-stanford-university/rl-translational-dynamics/runs/dwxzqiby
17q4f639,easy_sac_to_sac__HalfCheetah_v4__seed_1__500k__1780608875,abhinav_easy_sac_to_sac__HalfCheetah-v4,finished,2026-06-04T21:34:37Z,easy_sac_to_sac,HalfCheetah-v4,1,https://wandb.ai/herschethan-stanford-university/rl-translational-dynamics/runs/17q4f639
bvlmnueq,easy_sac_to_sac__Ant_v4__seed_0__500k__1780603695,abhinav_easy_sac_to_sac__Ant-v4,failed,2026-06-04T20:08:17Z,easy_sac_to_sac,Ant-v4,0,https://wandb.ai/herschethan-stanford-university/rl-translational-dynamics/runs/bvlmnueq
swt89brj,easy_sac_to_sac__Ant_v4__seed_1__500k__1780604553,abhinav_easy_sac_to_sac__Ant-v4,failed,2026-06-04T20:22:35Z,easy_sac_to_sac,Ant-v4,1,https://wandb.ai/herschethan-stanford-university/rl-translational-dynamics/runs/swt89brj
x9japip8,easy_sac_to_sac__Ant_v4__seed_2__500k__1780605257,abhinav_easy_sac_to_sac__Ant-v4,failed,2026-06-04T20:34:19Z,easy_sac_to_sac,Ant-v4,2,https://wandb.ai/herschethan-stanford-university/rl-translational-dynamics/runs/x9japip8
u4gyp7tu,sac__Hopper_v4__seed_0__500k__1780610665,abhinav_sac_baseline__Hopper-v4,finished,2026-06-04T22:04:27Z,sac,Hopper-v4,0,https://wandb.ai/herschethan-stanford-university/rl-translational-dynamics/runs/u4gyp7tu
2xvqqrkg,sac__Hopper_v4__seed_1__500k__1780610666,abhinav_sac_baseline__Hopper-v4,finished,2026-06-04T22:04:29Z,sac,Hopper-v4,1,https://wandb.ai/herschethan-stanford-university/rl-translational-dynamics/runs/2xvqqrkg
k8bjar87,sac__Hopper_v4__seed_2__500k__1780610666,abhinav_sac_baseline__Hopper-v4,finished,2026-06-04T22:04:28Z,sac,Hopper-v4,2,https://wandb.ai/herschethan-stanford-university/rl-translational-dynamics/runs/k8bjar87
b73tlkvm,sac__Walker2d_v4__seed_0__500k__1780610670,abhinav_sac_baseline__Walker2d-v4,finished,2026-06-04T22:04:33Z,sac,Walker2d-v4,0,https://wandb.ai/herschethan-stanford-university/rl-translational-dynamics/runs/b73tlkvm
pfqbddsn,sac__Walker2d_v4__seed_1__500k__1780610673,abhinav_sac_baseline__Walker2d-v4,finished,2026-06-04T22:04:36Z,sac,Walker2d-v4,1,https://wandb.ai/herschethan-stanford-university/rl-translational-dynamics/runs/pfqbddsn
yzi9mx7h,sac__Walker2d_v4__seed_2__500k__1780610686,abhinav_sac_baseline__Walker2d-v4,finished,2026-06-04T22:04:49Z,sac,Walker2d-v4,2,https://wandb.ai/herschethan-stanford-university/rl-translational-dynamics/runs/yzi9mx7h
hjkv57oe,sac__HalfCheetah_v4__seed_0__500k__1780610933,abhinav_sac_baseline__HalfCheetah-v4,finished,2026-06-04T22:08:56Z,sac,HalfCheetah-v4,0,https://wandb.ai/herschethan-stanford-university/rl-translational-dynamics/runs/hjkv57oe
ubrdc023,sac__HalfCheetah_v4__seed_1__500k__1780614154,abhinav_sac_baseline__HalfCheetah-v4,finished,2026-06-04T23:02:37Z,sac,HalfCheetah-v4,1,https://wandb.ai/herschethan-stanford-university/rl-translational-dynamics/runs/ubrdc023
mfux8kin,sac__HalfCheetah_v4__seed_2__500k__1780616067,abhinav_sac_baseline__HalfCheetah-v4,finished,2026-06-04T23:34:29Z,sac,HalfCheetah-v4,2,https://wandb.ai/herschethan-stanford-university/rl-translational-dynamics/runs/mfux8kin
sahxozyd,sac__Ant_v4__seed_0__500k__1780616085,abhinav_sac_baseline__Ant-v4,finished,2026-06-04T23:34:47Z,sac,Ant-v4,0,https://wandb.ai/herschethan-stanford-university/rl-translational-dynamics/runs/sahxozyd
x9h1f1xg,sac__Ant_v4__seed_1__500k__1780616253,abhinav_sac_baseline__Ant-v4,finished,2026-06-04T23:37:35Z,sac,Ant-v4,1,https://wandb.ai/herschethan-stanford-university/rl-translational-dynamics/runs/x9h1f1xg
azqyzs4c,sac__Ant_v4__seed_2__500k__1780617099,abhinav_sac_baseline__Ant-v4,finished,2026-06-04T23:51:42Z,sac,Ant-v4,2,https://wandb.ai/herschethan-stanford-university/rl-translational-dynamics/runs/azqyzs4c
xr1z9xgt,bc_to_sac__HalfCheetah_v4__seed_0__500k__1780617292,abhinav_bc_to_sac_extended__HalfCheetah-v4,finished,2026-06-04T23:54:54Z,bc_to_sac,HalfCheetah-v4,0,https://wandb.ai/herschethan-stanford-university/rl-translational-dynamics/runs/xr1z9xgt
xvboy0u5,bc_to_sac__HalfCheetah_v4__seed_1__500k__1780617774,abhinav_bc_to_sac_extended__HalfCheetah-v4,finished,2026-06-05T00:02:56Z,bc_to_sac,HalfCheetah-v4,1,https://wandb.ai/herschethan-stanford-university/rl-translational-dynamics/runs/xvboy0u5
mfok9kei,bc_to_sac__HalfCheetah_v4__seed_2__500k__1780617793,abhinav_bc_to_sac_extended__HalfCheetah-v4,finished,2026-06-05T00:03:15Z,bc_to_sac,HalfCheetah-v4,2,https://wandb.ai/herschethan-stanford-university/rl-translational-dynamics/runs/mfok9kei
